date,description,title
"Mon, 05 Sep 2016 08:19:13 -0400",Image source Getty Images Thanks to Social Security spousal benefits you could be entitled to inflation adjusted income for the rest of your life even if you never worked or didn t work consistently throughout your career If you ve never heard of spousal benefits then you may,What Is the Maximum Social Security Spousal Benefit?
"Mon, 05 Sep 2016 08:19:15 -0400",Image source Pixabay There are many different ways to learn important things such as learning things the hard way by trying and doing and sometimes succeeding sometimes failing Another way is to learn from others After all lots of smart people have pursued the same goals,10 Money Quotes That Can Help You Get Rich
"Mon, 05 Sep 2016 08:17:25 -0400",Valmont Industries Inc VMI has announced the promotion of Stephen G Kaniewski to the position of Chief Operating Officer and President of the company effective Oct 1 2016 Valmont s board of directors has authorized the promotion making Kaniewski responsible for the daily operations of,Valmont (VMI) Appoints Kaniewski as New COO and President
"Mon, 05 Sep 2016 08:17:33 -0400",The Buckle Inc BKE has been continuing with its sluggish comparable store sales comps performance this year Comps for the four week period ended Aug 27 2016 fell 14 8 year over year continuing the trend of decline 10 9 in July 10 6 in June 11 in May 13 2 in April 11 8,"Buckle&#39;s Dismal Comps Trend Continues, August Sales Fall"
"Mon, 05 Sep 2016 07:16:58 -0400",The Q2 earnings season is now effectively behind us as even Retail sector earnings reports are mostly out now With results from 480 S amp P 500 already out and another 13 index reports reporting results this week we will have seen Q1 results from 493 index members by the end of this week,Looking Beyond the Q2 Earnings Season
"Mon, 05 Sep 2016 05:16:47 -0400",Expedia Inc EXPE is reportedly gearing up for an initial public offering IPO to list its Trivago hotel search platform Reuters reported that the IPO could value Trivago at more than 1 billion and is likely to take place in the U S later this year or early next year Bank pitches for,Expedia (EXPE) to List Its Trivago Hotel Search Platform
"Mon, 05 Sep 2016 05:16:51 -0400",On Sep 1 2016 we issued an updated research report on Capital One Financial Corporation COF The company s organic growth remains on track with continued economic recovery though mounting expenses and weakness in credit quality remain headwinds Capital One has grown meaningfully from,Capital One (COF) Revenue Growth on Track; Time to Hold?
"Sun, 04 Sep 2016 22:16:53 -0400",Motley Fool co founders Tom and David Gardner helped Motley Fool Stock Advisor produce its impressive performance Smart investors can successfully find stocks that can crush the market indexes and produce life changing wealth Since 2002 the Motley Fool Stock Advisor service,The Secret to Motley Fool Stock Advisor&#39;s Performance These 14 Years
"Sun, 04 Sep 2016 20:16:54 -0400",Image source Intel Microprocessor giant Intel NASDAQ INTC has been aggressively trying to reduce the power consumption of its Core series processors in order to allow them to fit into slim fan less devices with relatively small battery capacities 160 This reduction in,The Next Step for Intel Corporationâ€™s Ultra-Low Power Processors
"Sun, 04 Sep 2016 20:16:59 -0400",Image source Getty Images Smart investors always think for themselves However with some research supporting the wisdom of crowds investors may also be well served by keeping an eye on the top performing and most popular stocks to buy today Here s a brief rundown of five of the,5 Popular Stocks To Buy Right Now
"Sun, 04 Sep 2016 18:16:53 -0400",Image source The Motley Fool Amazon NASDAQ AMZN stock is truly on fire lately Shares of the online retail giant have gained more than 50 over the last year and they are currently trading near historical highs for the company in the area of 775 per share When,Amazon Stock in 5 Charts
"Sun, 04 Sep 2016 16:16:52 -0400",Image source Getty Images Since the day MannKind s NASDAQ MNKD inhaled insulin device Afrezza earned FDA approval just over two years ago the company s stock has lost about 92 6 of its value 160 Now that MannKind s former marketing partner Sanofi 160 has,5 Red Flags on MannKind&#39;s Balance Sheet
"Sun, 04 Sep 2016 16:16:55 -0400",Image source Getty Images What happened Clothing and accessory retailer Kate Spade NYSE KATE saw its stock fall by double digits last month dropping 13 according to data provided by S amp P Global Market Intelligence,Why Kate Spade &amp; Co Fell 13% in August
"Sun, 04 Sep 2016 16:16:59 -0400",Image source Getty Images We are arguably heading into what could very well be described as the Affordable Care Act s most challenging year yet Following the Great Recession health insurance premium inflation has been relatively tame However as we move headlong into the,7 Ways to Save Money on Obamacare in 2017
"Sun, 04 Sep 2016 15:17:07 -0400",Stocks rose slightly last week The Dow Jones Industrial Average DJINDICES DJI 160 and the S amp P 500 SNPINDEX GSPC 160 each added roughly 0 5 to stick at over 6 gains so far for the year SPX data by YCharts The trading,3 Things to Watch in the Stock Market This Week
"Fri, 02 Sep 2016 17:17:38 -0400",The market has seen some big winners since Brexit Who are they and what clues do they offer for how to play the market The three sectors that did the best following the post Brexit pullback were technology financial services and industrials Tech sector funds zapped ahead 13 34,Looking For Winners? Here Are Hot Stocks Driving The Hottest Sectors Post-Brexit
"Fri, 02 Sep 2016 17:17:43 -0400",Some stock mutual funds have done better than most since the market s post Brexit vote rally began A whole lot better The United Kingdom vote on June 23 to leave the European Union sparked a sharp global sell off In the rally that s followed the broad stock market in the form of,Stock Outlook Shines For Managers Of Top Post-Brexit Mutual Funds
"Fri, 02 Sep 2016 14:16:41 -0400",Hartford Dividend and Growth I HDGIX a Zacks Rank 2 Buy invests primarily in a portfolio of equity securities that typically have above average dividend yields and whose prospects for capital appreciation are considered favorable by the sub adviser This Large Blend fund as of the,Hartford Dividend and Growth I Fund (HDGIX) in Focus
"Fri, 02 Sep 2016 14:16:52 -0400",MFS Corporate Bond A MFBFX a Zacks Rank 1 Strong Buy invests under normal market conditions the majority of its net assets in fixed income securities that include corporate bonds U S government securities and mortgage backed and asset backed securities The MFS Corporate Bond A,Quick Guide to MFS Corporate Bond A Fund (MFBFX)
"Fri, 02 Sep 2016 14:17:04 -0400",Franklin Rising Dividends Advisor FRDAX a Zacks Rank 2 Buy invests the majority of net assets in equity securities of financially sound companies that have paid consistently rising dividends and that have increased dividends at least 100 over the last 10 years This Large Value fund,Overview of Franklin Rising Dividends Advisor Fund (FRDAX)
"Fri, 02 Sep 2016 14:17:13 -0400",Gabelli Small Cap Growth AAA GABSX a Zacks Rank 1 Strong Buy invests a large portion of its net assets in equity securities of companies that are considered to be small companies at the time the fund makes its investment This Small Growth fund as of the last filing allocates their,Guide to Gabelli Small Cap Growth AAA Fund (GABSX)
"Fri, 02 Sep 2016 12:21:02 -0400",Fidelity Inflation Protected Bond Fund FINPX a Zacks Rank 2 Buy was incepted in June 2002 The Fidelity Group manages the fund The main objective of FINPX is to seek a total return that exceeds the rate of inflation over the long term FINPX normally invests at least 80 of assets,Is Fidelity Inflation-Protected Bond Fund (FINPX) Worth Another Look?
"Fri, 02 Sep 2016 12:21:04 -0400",Invesco Municipal Income A Fund VKMMX a Zacks Rank 2 Buy was incepted in August 1990 and is managed by Van Kampen Investment Advisory Corp The objective of VKMMX is to provide a high level of current income exempt from federal income tax consistent with preservation of capital,Intro Guide to the Invesco Municipal Income A Fund (VKMMX)
"Fri, 02 Sep 2016 12:21:09 -0400",Wasatch Small Cap Growth Investor Fund WAAEX a Zacks Rank 2 Buy was incepted in December 1986 and is managed by Wasatch Advisors Inc WAAEX seeks to provide long term growth of capital by investing primarily in the common stocks of companies with market capitalizations of less than 2,Wasatch Small Cap Growth Investor Fund (WAAEX) in Focus
"Fri, 02 Sep 2016 12:21:14 -0400",DFA Global Allocation 60 40 Institutional Fund DGSIX a Zacks Rank 1 Strong Buy was incepted in December 2003 and is managed by Dimensional Fund Advisors LP DGSIX seeks growth of income and capital DGSIX normally invests its assets in underlying funds which invests in fixed income,Quick Guide to DFA Global Allocation 60/40 Institutional Fund (DGSIX)
"Fri, 02 Sep 2016 12:21:18 -0400",Fidelity Select Technology Fund FSPTX a Zacks Rank 1 Strong Buy was incepted in July 14 1981 and is managed by the Fidelity Group The objective of FSPTX is to seek capital appreciation Normally FSPTX invests at least 80 of assets in common stocks of companies principally engaged,Overview of Fidelity Select Technology Fund (FSPTX)
"Fri, 02 Sep 2016 12:21:35 -0400",September has earned an uncanny reputation of providing low returns with the S amp P 500 and the Dow usually ending in the red Also we are into that part of the year when returns have been historically low while stocks are overvalued The future is also cast into uncertainty thanks to,4 Top Dividend Paying Mutual Funds to Buy in September
"Fri, 02 Sep 2016 12:21:46 -0400",DFA Inflation Protected Securities Institutional DIPSX a Zacks Rank 1 Strong Buy was incepted in December 2006 DIPSX seeks to provide inflation protection and earn current income consistent with inflation protected securities As a non fundamental policy under normal circumstances,Guide to DFA Inflation-Protected Securities Institutional Fund (DIPSX)
"Fri, 02 Sep 2016 12:21:50 -0400",DFA US Large Cap Value III DFUVX a Zacks Rank 1 Strong Buy was incepted in February 1995 and is managed by Dimensional Fund Advisors Inc DFUVX seeks long term capital appreciation DFUVX invests in securities of US companies whose size market capitalization falls within the largest,How is DFA US Large Cap Value III Fund (DFUVX) Performing?
"Fri, 02 Sep 2016 12:21:54 -0400",American Funds US Government Securities R6 RGVGX a Zacks Rank 2 Buy was incepted in May 2009 RGVGX seeks high current income with capital preservation RGVGX invests the majority of its assets in securities that are backed by the U S government or its affiliates RGVGX invests in,Is American Funds US Government Securities R6 Fund (RGVGX) Worth Another Look?
